{
  "seed": 6006,
  "scipy": true,
  "controls": {
    "product_projection": {
      "lambda_max": 0.0,
      "eigvals": [
        -1.0,
        -1.0,
        -1.0,
        0.0
      ],
      "gap_top": 0.0
    },
    "traceless_diagonal": {
      "lambda_max": 0.0,
      "eigvals": [
        -2.0,
        -2.0,
        -1.0,
        0.0
      ],
      "gap_top": 0.0
    }
  },
  "support_search": {
    "count": 2592,
    "best": {
      "lambda_max": -0.24830718408995792,
      "eigvals": [
        -1.9329740851167294,
        -1.5463719066101236,
        -1.30109505193176,
        -0.24830718408995792
      ],
      "gap_top": -0.2483071840899591,
      "supportP": [
        8,
        9,
        12,
        13
      ],
      "supportQ": [
        8,
        9,
        12,
        13
      ]
    }
  },
  "perturb_eps_0_01": {
    "count": 3000,
    "best": {
      "lambda_max": -0.004606073165632001,
      "eigvals": [
        -1.0028543043707288,
        -1.00179173819263,
        -1.0014105943436422,
        -0.004606073165632001
      ],
      "gap_top": -0.004606073165631219,
      "eps": 0.01
    }
  },
  "perturb_eps_0_1": {
    "count": 3000,
    "best": {
      "lambda_max": -0.3137722327674509,
      "eigvals": [
        -1.9246363026753661,
        -1.898245804370592,
        -1.1616253693929786,
        -0.3137722327674509
      ],
      "gap_top": -0.3137722327674515,
      "eps": 0.1
    }
  },
  "optimize": {
    "lambda_max": -5.20317946714477e-13,
    "eigvals": [
      -1.9999999999997224,
      -1.9999999999996754,
      -1.3173847052651628,
      -5.20317946714477e-13
    ],
    "gap_top": -5.198064201294983e-13,
    "restart": 1,
    "optimizer_success": true
  },
  "best_overall": {
    "lambda_max": 0.0,
    "eigvals": [
      -1.0,
      -1.0,
      -1.0,
      0.0
    ],
    "gap_top": 0.0
  },
  "robust_positive": false,
  "elapsed_sec": 46.02814316749573
}