{
  "best_by_det": {
    "claim": {
      "gap_alpha_0.5": -1.6206170572186096e-07,
      "lhs": 2.9999997103160636,
      "norm2": 1.0000000000000009,
      "pt1": 0.9999998727458055,
      "pt2": 1.999999837570258,
      "rank_num_1e-9": 2,
      "singular_values_first4": [
        0.7071067844229934,
        0.7071067779501022,
        1.0808449677962176e-16,
        6.479111873681108e-17
      ],
      "trace_abs2": 1.999999744755535
    },
    "coeff_phases": [
      3.141592653589793,
      1.5708034737659256
    ],
    "coeff_singular_values": [
      0.7071067844229932,
      0.7071067779501017
    ],
    "label": "optimized_random_best_lambda_lambda",
    "lemma": {
      "D": [
        0.5000000949714474,
        0.5000001224335984
      ],
      "H": [
        [
          {
            "im": 0.0,
            "re": 1.4999999050285526
          },
          {
            "im": 1.4999998727496204,
            "re": 1.0720455634202763e-05
          }
        ],
        [
          {
            "im": -1.4999998727496204,
            "re": 1.0720455634202763e-05
          },
          {
            "im": 0.0,
            "re": 1.4999998775664016
          }
        ]
      ],
      "H12_abs2": 2.2499996183638054,
      "det_violation": 1.9999995096612708,
      "diag_H": [
        1.4999999050285526,
        1.4999998775664016
      ],
      "lambda_max_H": 2.999999764085407,
      "lambda_min_K": -0.9999997640854069,
      "lambda_violation": 0.9999997640854068,
      "orth_X_err": 1.1998892503569203e-15,
      "orth_Y_err": 4.644320656380065e-16,
      "t_abs2": [
        0.9999998854882011,
        0.9999998593698568
      ]
    },
    "source": "scipy_powell"
  },
  "best_by_lambda": {
    "claim": {
      "gap_alpha_0.5": -1.6206170572186096e-07,
      "lhs": 2.9999997103160636,
      "norm2": 1.0000000000000009,
      "pt1": 0.9999998727458055,
      "pt2": 1.999999837570258,
      "rank_num_1e-9": 2,
      "singular_values_first4": [
        0.7071067844229934,
        0.7071067779501022,
        1.0808449677962176e-16,
        6.479111873681108e-17
      ],
      "trace_abs2": 1.999999744755535
    },
    "coeff_phases": [
      3.141592653589793,
      1.5708034737659256
    ],
    "coeff_singular_values": [
      0.7071067844229932,
      0.7071067779501017
    ],
    "label": "optimized_random_best_lambda_lambda",
    "lemma": {
      "D": [
        0.5000000949714474,
        0.5000001224335984
      ],
      "H": [
        [
          {
            "im": 0.0,
            "re": 1.4999999050285526
          },
          {
            "im": 1.4999998727496204,
            "re": 1.0720455634202763e-05
          }
        ],
        [
          {
            "im": -1.4999998727496204,
            "re": 1.0720455634202763e-05
          },
          {
            "im": 0.0,
            "re": 1.4999998775664016
          }
        ]
      ],
      "H12_abs2": 2.2499996183638054,
      "det_violation": 1.9999995096612708,
      "diag_H": [
        1.4999999050285526,
        1.4999998775664016
      ],
      "lambda_max_H": 2.999999764085407,
      "lambda_min_K": -0.9999997640854069,
      "lambda_violation": 0.9999997640854068,
      "orth_X_err": 1.1998892503569203e-15,
      "orth_Y_err": 4.644320656380065e-16,
      "t_abs2": [
        0.9999998854882011,
        0.9999998593698568
      ]
    },
    "source": "scipy_powell"
  },
  "candidates": [
    {
      "claim": {
        "gap_alpha_0.5": 0.0,
        "lhs": 1.9999999999999996,
        "norm2": 0.9999999999999998,
        "pt1": 0.9999999999999998,
        "pt2": 0.9999999999999998,
        "rank_num_1e-9": 2,
        "singular_values_first4": [
          0.7071067811865475,
          0.7071067811865475,
          0.0,
          0.0
        ],
        "trace_abs2": 0.0
      },
      "coeff_phases": [
        0.0,
        0.0
      ],
      "coeff_singular_values": [
        0.7071067811865475,
        0.7071067811865475
      ],
      "label": "known_equality_traceless_diag",
      "lemma": {
        "D": [
          0.5,
          0.5
        ],
        "H": [
          [
            {
              "im": 0.0,
              "re": 1.5
            },
            {
              "im": 0.0,
              "re": 0.5
            }
          ],
          [
            {
              "im": 0.0,
              "re": 0.5
            },
            {
              "im": 0.0,
              "re": 1.5
            }
          ]
        ],
        "H12_abs2": 0.25,
        "det_violation": 0.0,
        "diag_H": [
          1.5,
          1.5
        ],
        "lambda_max_H": 2.0,
        "lambda_min_K": 0.0,
        "lambda_violation": 0.0,
        "orth_X_err": 0.0,
        "orth_Y_err": 0.0,
        "t_abs2": [
          1.0,
          1.0
        ]
      },
      "source": "exact_seed"
    },
    {
      "claim": {
        "gap_alpha_0.5": -2.220446049250313e-16,
        "lhs": 2.999999999999999,
        "norm2": 0.9999999999999998,
        "pt1": 1.9999999999999996,
        "pt2": 0.9999999999999998,
        "rank_num_1e-9": 2,
        "singular_values_first4": [
          0.7071067811865475,
          0.7071067811865475,
          0.0,
          0.0
        ],
        "trace_abs2": 1.9999999999999996
      },
      "coeff_phases": [
        0.0,
        0.0
      ],
      "coeff_singular_values": [
        0.7071067811865475,
        0.7071067811865475
      ],
      "label": "known_equality_product_projection",
      "lemma": {
        "D": [
          0.5,
          0.5
        ],
        "H": [
          [
            {
              "im": 0.0,
              "re": 1.5
            },
            {
              "im": 0.0,
              "re": 0.5
            }
          ],
          [
            {
              "im": 0.0,
              "re": 0.5
            },
            {
              "im": 0.0,
              "re": 1.5
            }
          ]
        ],
        "H12_abs2": 0.25,
        "det_violation": 0.0,
        "diag_H": [
          1.5,
          1.5
        ],
        "lambda_max_H": 2.0,
        "lambda_min_K": 0.0,
        "lambda_violation": 0.0,
        "orth_X_err": 0.0,
        "orth_Y_err": 0.0,
        "t_abs2": [
          1.0,
          1.0
        ]
      },
      "source": "exact_seed"
    },
    {
      "claim": {
        "gap_alpha_0.5": -1.3244253748281625,
        "lhs": 0.7135800858743961,
        "norm2": 0.9999999999999996,
        "pt1": 0.23857413047289938,
        "pt2": 0.4750059554014967,
        "rank_num_1e-9": 2,
        "singular_values_first4": [
          0.8383656660684276,
          0.545108255264623,
          8.540239651387172e-17,
          6.492786657867348e-17
        ],
        "trace_abs2": 0.07601092140511881
      },
      "coeff_phases": [
        3.141592653589793,
        1.4439195741154776
      ],
      "coeff_singular_values": [
        0.8383656660684278,
        0.5451082552646231
      ],
      "label": "random_best_lambda",
      "lemma": {
        "D": [
          1.3627468277909807,
          1.5607044152256635
        ],
        "H": [
          [
            {
              "im": 0.0,
              "re": 0.6372531722090194
            },
            {
              "im": 0.2211889517504498,
              "re": -0.028215299227997256
            }
          ],
          [
            {
              "im": -0.2211889517504498,
              "re": -0.028215299227997256
            },
            {
              "im": 0.0,
              "re": 0.4392955847743364
            }
          ]
        ],
        "H12_abs2": 0.04972065548698824,
        "det_violation": -2.077124335481162,
        "diag_H": [
          0.6372531722090194,
          0.4392955847743364
        ],
        "lambda_max_H": 0.7822363777717467,
        "lambda_min_K": 1.2177636222282533,
        "lambda_violation": -1.2177636222282533,
        "orth_X_err": 6.050983543444459e-16,
        "orth_Y_err": 3.486382091605666e-16,