{
  "identity_random_m2": {
    "seed": 7007,
    "trials": 200,
    "m": 2,
    "max_identity_residual": 4.440892098500626e-16,
    "min_eig_K": 1.2026683060621426,
    "min_eig_left_defect": 0.4839581608983716,
    "min_eig_right_defect": 0.5205630924154214,
    "min_det_slack_m2": 1.7189848517707407
  },
  "identity_random_m3": {
    "seed": 7010,
    "trials": 200,
    "m": 3,
    "max_identity_residual": 2.220446049250313e-16,
    "min_eig_K": 1.1846726310879125,
    "min_eig_left_defect": 0.4730228245058362,
    "min_eig_right_defect": 0.41302562554322625,
    "min_det_slack_m2": null
  },
  "examples": {
    "product_equality_two_frame": {
      "K": [
        [
          [
            0.5,
            0.0
          ],
          [
            -0.5,
            0.0
          ]
        ],
        [
          [
            -0.5,
            0.0
          ],
          [
            0.5,
            0.0
          ]
        ]
      ],
      "eig_K": [
        0.0,
        1.0
      ],
      "KL_left": [
        [
          [
            0.0,
            0.0
          ],
          [
            -1.0,
            0.0
          ]
        ],
        [
          [
            -1.0,
            0.0
          ],
          [
            0.0,
            0.0
          ]
        ]
      ],
      "eig_KL_left": [
        -1.0,
        1.0
      ],
      "KR_right": [
        [
          [
            0.0,
            0.0
          ],
          [
            0.0,
            0.0
          ]
        ],
        [
          [
            0.0,
            0.0
          ],
          [
            0.0,
            0.0
          ]
        ]
      ],
      "eig_KR_right": [
        0.0,
        0.0
      ],
      "TT_trace": [
        [
          [
            0.5,
            0.0
          ],
          [
            0.5,
            0.0
          ]
        ],
        [
          [
            0.5,
            0.0
          ],
          [
            0.5,
            0.0
          ]
        ]
      ],
      "eig_TT_trace": [
        0.0,
        1.0
      ],
      "fixed_gauge_K": [
        [
          [
            0.5,
            0.0
          ],
          [
            -0.5,
            0.0
          ]
        ],
        [
          [
            -0.5,
            0.0
          ],
          [
            0.5,
            0.0
          ]
        ]
      ],
      "eig_fixed_gauge_K": [
        0.0,
        1.0
      ],
      "det_K": 0.0,
      "det_fixed_gauge_K": 0.0
    },
    "traceless_diagonal_two_frame": {
      "K": [
        [
          [
            0.5,
            0.0
          ],
          [
            -0.5,
            0.0
          ]
        ],
        [
          [
            -0.5,
            0.0
          ],
          [
            0.5,
            0.0
          ]
        ]
      ],
      "eig_K": [
        0.0,
        1.0
      ],
      "KL_left": [
        [
          [
            0.0,
            0.0
          ],
          [
            0.0,
            0.0
          ]
        ],
        [
          [
            0.0,
            0.0
          ],
          [
            0.0,
            0.0
          ]
        ]
      ],
      "eig_KL_left": [
        0.0,
        0.0
      ],
      "KR_right": [
        [
          [
            0.0,
            0.0
          ],
          [
            0.0,
            0.0
          ]
        ],
        [
          [
            0.0,
            0.0
          ],
          [
            0.0,
            0.0
          ]
        ]
      ],
      "eig_KR_right": [
        0.0,
        0.0
      ],
      "TT_trace": [
        [
          [
            0.5,
            0.0
          ],
          [
            -0.5,
            0.0
          ]
        ],
        [
          [
            -0.5,
            0.0
          ],
          [
            0.5,
            0.0
          ]
        ]
      ],
      "eig_TT_trace": [
        0.0,
        1.0
      ],
      "fixed_gauge_K": [
        [
          [
            0.5,
            0.0
          ],
          [
            -0.5,
            0.0
          ]
        ],
        [
          [
            -0.5,
            0.0
          ],
          [
            0.5,
            0.0
          ]
        ]
      ],
      "eig_fixed_gauge_K": [
        0.0,
        1.0
      ],
      "det_K": 0.0,
      "det_fixed_gauge_K": 0.0
    },
    "loop0002_fixed_gauge_witness": {
      "K": [
        [
          [
            0.5,
            0.0
          ],
          [
            0.0,
            0.5
          ]
        ],
        [
          [
            0.0,
            -0.5
          ],
          [
            0.5,
            0.0
          ]
        ]
      ],
      "eig_K": [
        0.0,
        1.0
      ],
      "KL_left": [
        [
          [
            0.0,
            0.0
          ],
          [
            0.0,
            1.0
          ]
        ],
        [
          [
            0.0,
            -1.0
          ],
          [
            0.0,
            0.0
          ]
        ]
      ],
      "eig_KL_left": [
        -1.0,
        1.0
      ],
      "KR_right": [
        [
          [
            0.0,
            0.0
          ],
          [
            0.0,
            0.0
          ]
        ],
        [
          [
            0.0,
            0.0
          ],
          [
            0.0,
            0.0
          ]
        ]
      ],
      "eig_KR_right": [
        0.0,
        0.0
      ],
      "TT_trace": [
        [
          [
            0.5,
            0.0
          ],
          [
            0.0,
            -0.5
          ]
        ],
        [
          [
            0.0,
            0.5
          ],
          [
            0.5,
            0.0
          ]
        ]
      ],
      "eig_TT_trace": [
        0.0,
        1.0
      ],
      "fixed_gauge_K": [
        [
          [
            0.5,
            0.0
          ],
          [
            0.0,
            1.5
          ]
        ],
        [
          [
            0.0,
            -1.5
          ],
          [
            0.5,
            0.0
          ]
        ]
      ],
      "eig_fixed_gauge_K": [
        -1.0,
        2.0
      ],
      "det_K": 0.0,
      "det_fixed_gauge_K": -1.9999999999999998
    },
    "m3_all_frame_obstruction": {
      "K": [
        [
          [
            0.5,
            0.0
          ],
          [
            -0.5,
            0.0
          ],
          [
            -0.5,
            0.0
          ]
        ],
        [
          [
            -0.5,
            0.0
          ],
          [
            0.5,
            0.0
          ],
          [
            -0.5,
            0.0
          ]
        ],
        [
          [
            -0.5,
            0.0
          ],
          [
            -0.5,
            0.0
          ],
          [
            0.5,
            0.0
          ]
        ]
      ],
      "eig_K": [
        -0.5000000000000001,
        1.0,
        1.0
      ],
      "KL_left": [
        [
          [
            0.0,
            0.0
          ],
          [
            -1.0,
            0.0
          ],
          [
            -1.0,
            0.0
          ]
        ],
        [
          [
            -1.0,
            0.0
          ],
          [
            0.0,
            0.0
          ],
          [
            -1.0,
            0.0
          ]
        ],
        [
          [
            -1.0,
            0.0
          ],
          [
            -1.0,
            0.0
          ],
          [
            0.0,
            0.0
          ]
        ]
      ],
      "eig_KL_left": [
        -1.9999999999999998,
        1.0,
        1.0000000000000004
      ],