{
  "seed": 4004,
  "scipy": true,
  "matrix_unit": {
    "count": 57600,
    "equalities": 528,
    "best": {
      "violation": 0.0,
      "absz2": 0.25,
      "D1": 0.5,
      "D2": 0.5,
      "z": [
        0.5,
        0.0
      ],
      "a": [
        1.0,
        0.0
      ],
      "b": [
        -0.5,
        0.0
      ],
      "X": [
        [
          0,
          0
        ],
        [
          0,
          1
        ]
      ],
      "Y": [
        [
          0,
          0
        ],
        [
          0,
          1
        ]
      ]
    }
  },
  "random": {
    "trials": 8000,
    "best": {
      "violation": -1.549087158428483,
      "absz2": 0.001400683484279034,
      "D1": 1.1654511583441178,
      "D2": 1.33037564964602,
      "z": [
        -0.03668009756957359,
        0.0074332984983515454
      ],
      "a": [
        -0.10882217146042432,
        -0.03745190969054567
      ],
      "b": [
        0.07214207389085073,
        -0.04488520818889721
      ],
      "iter": 4864
    },
    "negative_D_count": 0
  },
  "optimize": {
    "violation": -6.211697822777751e-14,
    "absz2": 0.25671573363309635,
    "D1": 0.5066712245799205,
    "D2": 0.5066712321111203,
    "z": [
      0.43085149394558037,
      0.26661343514151314
    ],
    "a": [
      -3.4486302702418925e-15,
      -2.3089169465251302e-15
    ],
    "b": [
      0.4308514939455838,
      -0.2666134351415155
    ],
    "max_original_gap_grid": -1.206496300001389,
    "best_phase_ratio": [
      3.6868277422293443,
      4.4668359215096345
    ],
    "restart": 3,
    "optimizer_success": false
  },
  "elapsed_sec": 61.067609548568726
}