{
  "seed": 7007,
  "scipy": true,
  "matrix_unit": {
    "count": 57600,
    "equalities": 528,
    "best": {
      "violation": 0.0,
      "absz2": 0.25,
      "D1": 0.5,
      "D2": 0.5,
      "z": [
        0.5,
        0.0
      ],
      "a": [
        1.0,
        0.0
      ],
      "b": [
        -0.5,
        0.0
      ],
      "X": [
        [
          0,
          0
        ],
        [
          0,
          1
        ]
      ],
      "Y": [
        [
          0,
          0
        ],
        [
          0,
          1
        ]
      ]
    }
  },
  "random": {
    "trials": 3000,
    "best": {
      "violation": -1.6873856119785282,
      "absz2": 0.002050472084873247,
      "D1": 1.398615773577207,
      "D2": 1.2079343848256268,
      "z": [
        0.045162016608158356,
        -0.003296109943202105
      ],
      "a": [
        0.0024185565670323643,
        0.03727831413307396
      ],
      "b": [
        0.042743460041125995,
        0.04057442407627607
      ],
      "iter": 2555
    },
    "negative_D_count": 0
  },
  "optimize": {
    "violation": -1.1268763699945339e-13,
    "absz2": 0.2545580291758943,
    "D1": 0.5045374453981735,
    "D2": 0.5045374362156878,
    "z": [
      0.12007786067527872,
      -0.49004013769439614
    ],
    "a": [
      0.0005758278435784268,
      -0.002349989166281631
    ],
    "b": [
      0.11950203283170029,
      0.4876901485281145
    ],
    "max_original_gap_grid": 0.7984793214128977,
    "best_phase_ratio": [
      4.9330793734054605,
      1.333521432163324
    ],
    "restart": 5,
    "optimizer_success": false
  },
  "elapsed_sec": 53.84277415275574
}